Customer_ID,Gender,Age,City,State,Annual_Income,Spending_Score,Membership_Type,Product_Category,Purchase_Amount,Payment_Method,Join_Date,Last_Purchase_Date,Tenure_Months
CUST1001,Male,19,Kanpur,Uttar Pradesh,699342,32,Bronze,Clothing,2966,Net Banking,2021-05-14,2021-08-17,44
CUST1002,Male,23,Hyderabad,Telangana,572347,19,Bronze,Beauty,1539,Debit Card,2021-07-08,2024-11-25,42
CUST1003,Female,69,Visakhapatnam,Andhra Pradesh,729537,35,Bronze,Books,1127,UPI,2019-11-15,2021-02-27,62
CUST1004,Female,24,Delhi,Delhi,904605,24,Bronze,Sports,2426,Credit Card,2023-02-03,2025-09-30,23
CUST1005,Male,42,Delhi,Delhi,553169,56,Silver,Books,3171,Net Banking,2020-01-29,2024-02-09,59
CUST1006,Male,20,Lucknow,Uttar Pradesh,553172,29,Bronze,Furniture,2237,Credit Card,2021-02-17,2022-10-09,47
CUST1007,Female,58,Visakhapatnam,Andhra Pradesh,915842,25,Bronze,Sports,2299,Credit Card,2022-06-01,2026-01-21,31
CUST1008,Male,52,Kanpur,Uttar Pradesh,753486,22,Bronze,Furniture,2111,UPI,2023-09-23,2024-02-14,15
CUST1009,Male,70,Mumbai,Maharashtra,506105,66,Gold,Books,10645,Debit Card,2022-09-04,2025-07-22,28
CUST1010,Female,59,Ahmedabad,Gujarat,708512,40,Bronze,Sports,2762,Net Banking,2021-05-27,2024-10-03,43
CUST1011,Female,41,Hyderabad,Telangana,507316,92,Platinum,Electronics,25345,Credit Card,2019-11-10,2023-06-17,62
CUST1012,Male,68,Lucknow,Uttar Pradesh,506854,59,Silver,Toys,5571,Net Banking,2020-05-29,2023-08-05,55
CUST1013,Male,61,Kanpur,Uttar Pradesh,648392,42,Bronze,Books,1337,Credit Card,2020-08-24,2023-03-02,53
CUST1014,Male,47,Mumbai,Maharashtra,217343,90,Platinum,Groceries,16700,Net Banking,2019-08-06,2023-03-08,65
CUST1015,Female,58,Jaipur,Rajasthan,255016,59,Silver,Electronics,7084,Net Banking,2020-10-25,2023-08-21,50
CUST1016,Male,25,Bhopal,Madhya Pradesh,487542,48,Bronze,Furniture,1899,Credit Card,2020-05-08,2023-08-12,56
CUST1017,Male,23,Kanpur,Uttar Pradesh,397433,65,Silver,Groceries,6068,Debit Card,2022-09-13,2025-06-12,28
CUST1018,Male,34,Jaipur,Rajasthan,662849,63,Gold,Furniture,10961,UPI,2021-03-28,2025-01-31,45
CUST1019,Female,46,Bhopal,Madhya Pradesh,418395,55,Silver,Books,5737,Credit Card,2022-04-19,2025-06-26,32
CUST1020,Male,55,Hyderabad,Telangana,317539,29,Bronze,Clothing,1798,Credit Card,2023-10-27,2025-10-02,14
CUST1021,Male,50,Hyderabad,Telangana,893129,17,Bronze,Toys,2068,Debit Card,2023-05-26,2026-02-17,19
CUST1022,Female,30,Delhi,Delhi,554844,20,Bronze,Toys,2264,Credit Card,2022-10-11,2026-07-10,27
CUST1023,Male,21,Kolkata,West Bengal,613505,71,Gold,Furniture,8629,Debit Card,2022-01-03,2024-08-08,36
CUST1024,Male,45,Bangalore,Karnataka,315050,30,Bronze,Toys,3359,Net Banking,2019-07-20,2019-11-30,66
CUST1025,Male,23,Bhopal,Madhya Pradesh,491123,70,Gold,Toys,13052,Debit Card,2023-11-06,2026-03-06,14
CUST1026,Male,28,Kolkata,West Bengal,622184,12,Bronze,Toys,2871,UPI,2021-05-16,2025-05-11,44
CUST1027,Female,27,Hyderabad,Telangana,369801,42,Bronze,Electronics,1845,UPI,2019-04-28,2019-09-07,69
CUST1028,Female,50,Bhopal,Madhya Pradesh,675139,83,Gold,Clothing,16379,Debit Card,2019-05-21,2022-10-20,68
CUST1029,Male,61,Visakhapatnam,Andhra Pradesh,479872,45,Bronze,Furniture,2862,Net Banking,2022-05-02,2022-08-21,32
CUST1030,Male,44,Lucknow,Uttar Pradesh,541661,26,Silver,Furniture,4500,UPI,2020-05-03,2021-11-27,56
CUST1031,Female,26,Lucknow,Uttar Pradesh,479658,27,Silver,Clothing,5916,Credit Card,2021-07-27,2025-02-18,41
CUST1032,Male,22,Jaipur,Rajasthan,970455,27,Bronze,Clothing,3389,Debit Card,2021-01-26,2022-10-01,47
CUST1033,Male,46,Visakhapatnam,Andhra Pradesh,597300,40,Silver,Electronics,9076,Net Banking,2020-09-05,2024-06-24,52
CUST1034,Male,26,Chennai,Tamil Nadu,388457,39,Bronze,Sports,2474,UPI,2022-05-23,2023-08-27,31
CUST1035,Female,31,Lucknow,Uttar Pradesh,764508,48,Silver,Electronics,6730,Credit Card,2022-07-23,2025-01-05,29
CUST1036,Female,20,Mumbai,Maharashtra,355831,49,Bronze,Groceries,3227,Cash,2022-02-03,2026-02-17,35
CUST1037,Female,53,Mumbai,Maharashtra,641772,44,Bronze,Groceries,1688,Net Banking,2019-03-15,2021-05-09,70
CUST1038,Male,45,Bangalore,Karnataka,208065,14,Bronze,Electronics,3048,UPI,2020-03-06,2024-01-31,58
CUST1039,Male,60,Delhi,Delhi,334362,11,Bronze,Groceries,1550,Debit Card,2023-11-06,2024-11-02,14
CUST1040,Male,44,Mumbai,Maharashtra,639372,45,Bronze,Beauty,1521,Debit Card,2020-06-30,2021-06-21,54
CUST1041,Male,42,Visakhapatnam,Andhra Pradesh,747693,23,Bronze,Toys,2073,UPI,2020-09-17,2022-01-26,52
CUST1042,Male,19,Lucknow,Uttar Pradesh,634273,20,Bronze,Sports,3057,UPI,2022-08-06,2025-07-14,29
CUST1043,Female,61,Visakhapatnam,Andhra Pradesh,576870,54,Silver,Sports,4723,Debit Card,2022-04-04,2023-10-29,33
CUST1044,Male,24,Surat,Gujarat,539779,48,Silver,Clothing,3710,Cash,2022-03-26,2023-05-19,33
CUST1045,Female,20,Kanpur,Uttar Pradesh,304295,32,Silver,Furniture,4660,UPI,2021-06-02,2021-11-22,43
CUST1046,Female,57,Pune,Maharashtra,456031,65,Silver,Sports,7271,Cash,2020-10-30,2023-03-03,50
CUST1047,Female,53,Bangalore,Karnataka,507872,25,Bronze,Groceries,1495,Net Banking,2022-03-11,2023-12-17,34
CUST1048,Female,53,Visakhapatnam,Andhra Pradesh,811424,27,Bronze,Books,2619,Cash,2021-06-23,2024-01-14,42
CUST1049,Male,50,Ahmedabad,Gujarat,668723,85,Gold,Clothing,8777,UPI,2021-11-21,2025-09-10,37
CUST1050,Female,23,Visakhapatnam,Andhra Pradesh,247391,85,Platinum,Furniture,25149,Debit Card,2019-02-20,2019-06-24,71
CUST1051,Male,48,Surat,Gujarat,664816,79,Gold,Furniture,11371,Cash,2021-10-09,2024-02-04,39
CUST1052,Male,27,Lucknow,Uttar Pradesh,522983,65,Silver,Clothing,3141,Cash,2020-03-24,2021-04-18,58
CUST1053,Female,21,Jaipur,Rajasthan,464615,36,Bronze,Toys,1459,Net Banking,2022-02-18,2025-07-21,34
CUST1054,Female,66,Bhopal,Madhya Pradesh,722335,58,Silver,Beauty,2095,Net Banking,2021-07-02,2022-06-22,42
CUST1055,Female,46,Chennai,Tamil Nadu,806199,74,Gold,Toys,7957,Debit Card,2020-07-16,2023-02-01,54
CUST1056,Male,63,Chennai,Tamil Nadu,786256,19,Bronze,Clothing,3088,Debit Card,2019-11-05,2021-03-22,62
CUST1057,Female,62,Bangalore,Karnataka,432156,79,Gold,Toys,11205,Cash,2019-05-08,2020-08-03,68
CUST1058,Female,42,Bhopal,Madhya Pradesh,538157,71,Gold,Beauty,9801,Cash,2019-01-13,2021-02-01,72
CUST1059,Female,66,Kolkata,West Bengal,666252,79,Gold,Furniture,9098,Cash,2020-03-25,2021-11-03,58
CUST1060,Female,49,Mumbai,Maharashtra,795109,21,Bronze,Groceries,1063,Cash,2019-09-19,2023-04-15,64
CUST1061,Male,43,Surat,Gujarat,504165,64,Silver,Groceries,5364,Cash,2020-01-08,2020-05-19,60
CUST1062,Female,42,Pune,Maharashtra,562868,22,Bronze,Beauty,2899,UPI,2023-03-21,2025-08-30,21
CUST1063,Female,23,Ahmedabad,Gujarat,378733,1,Bronze,Books,1365,Debit Card,2022-08-24,2023-02-10,28
CUST1064,Male,66,Mumbai,Maharashtra,360758,85,Platinum,Groceries,21156,Debit Card,2019-09-16,2022-06-11,64
CUST1065,Male,54,Hyderabad,Telangana,762505,49,Silver,Clothing,6438,Debit Card,2020-09-29,2021-06-07,51
CUST1066,Male,37,Surat,Gujarat,871248,59,Silver,Furniture,4608,Credit Card,2022-04-27,2026-04-10,32
CUST1067,Male,24,Kanpur,Uttar Pradesh,585597,77,Gold,Clothing,6716,Net Banking,2023-05-22,2023-09-13,19
CUST1068,Female,52,Kolkata,West Bengal,800706,63,Silver,Electronics,5909,Cash,2023-08-12,2026-06-10,16
CUST1069,Male,45,Pune,Maharashtra,672327,57,Silver,Beauty,2930,Debit Card,2023-02-11,2026-02-13,22
CUST1070,Female,57,Nagpur,Maharashtra,470976,86,Platinum,Sports,13370,UPI,2023-10-11,2025-03-26,14
CUST1071,Male,35,Bhopal,Madhya Pradesh,672279,50,Silver,Beauty,3051,UPI,2019-02-28,2022-01-05,71
CUST1072,Female,29,Ahmedabad,Gujarat,907607,32,Bronze,Sports,1477,Net Banking,2019-01-21,2022-01-13,72
CUST1073,Male,23,Hyderabad,Telangana,592834,53,Gold,Toys,10362,Cash,2021-07-06,2021-09-09,42
CUST1074,Male,36,Hyderabad,Telangana,912928,50,Silver,Books,7213,Cash,2022-02-07,2025-02-28,35
CUST1075,Female,45,Kanpur,Uttar Pradesh,200000,43,Silver,Sports,6323,UPI,2020-04-17,2021-01-19,57
CUST1076,Male,38,Delhi,Delhi,764380,84,Gold,Furniture,8604,Debit Card,2023-02-21,2025-12-08,22
CUST1077,Female,64,Surat,Gujarat,617409,76,Platinum,Clothing,19245,Debit Card,2020-08-29,2022-01-06,52
CUST1078,Female,29,Chennai,Tamil Nadu,540198,22,Bronze,Electronics,1897,Net Banking,2020-08-21,2024-08-18,53
CUST1079,Male,58,Visakhapatnam,Andhra Pradesh,618352,71,Gold,Sports,10283,Cash,2021-09-07,2024-03-27,40
CUST1080,Female,29,Mumbai,Maharashtra,202486,33,Bronze,Clothing,1774,Cash,2021-10-04,2022-04-03,39
CUST1081,Male,27,Bangalore,Karnataka,556065,74,Gold,Furniture,9602,Credit Card,2022-02-16,2024-07-17,34
CUST1082,Male,67,Jaipur,Rajasthan,671422,37,Bronze,Beauty,1725,UPI,2022-03-10,2025-10-01,34
CUST1083,Male,57,Kanpur,Uttar Pradesh,895578,31,Bronze,Sports,1161,Credit Card,2019-11-18,2021-04-22,62
CUST1084,Male,53,Delhi,Delhi,496345,17,Bronze,Toys,2498,UPI,2019-03-08,2020-07-24,70
CUST1085,Female,63,Chennai,Tamil Nadu,438301,55,Gold,Sports,11303,Net Banking,2022-09-16,2023-11-25,27
CUST1086,Female,25,Jaipur,Rajasthan,499648,34,Bronze,Groceries,2379,Credit Card,2019-05-03,2020-05-06,68
CUST1087,Female,56,Kanpur,Uttar Pradesh,783080,79,Gold,Toys,8466,UPI,2022-12-04,2025-04-06,25
CUST1088,Female,50,Jaipur,Rajasthan,665750,52,Silver,Beauty,5207,UPI,2022-05-21,2023-11-14,31
CUST1089,Male,23,Hyderabad,Telangana,494047,91,Platinum,Electronics,13266,UPI,2022-03-26,2022-07-16,33
CUST1090,Male,48,Jaipur,Rajasthan,702653,55,Silver,Beauty,4522,Cash,2019-07-06,2022-03-24,66
CUST1091,Female,44,Pune,Maharashtra,619415,34,Bronze,Beauty,2217,Cash,2020-08-13,2024-05-30,53
CUST1092,Female,70,Nagpur,Maharashtra,793728,41,Silver,Books,5365,Credit Card,2023-05-02,2025-09-05,20
CUST1093,Male,60,Visakhapatnam,Andhra Pradesh,459589,44,Silver,Books,5501,Net Banking,2023-03-30,2026-02-12,21
CUST1094,Female,66,Mumbai,Maharashtra,534467,8,Bronze,Toys,1581,Cash,2019-09-06,2019-12-04,64
CUST1095,Male,63,Bangalore,Karnataka,521578,40,Bronze,Furniture,2052,Credit Card,2021-08-03,2022-04-30,41
CUST1096,Male,49,Bhopal,Madhya Pradesh,307297,62,Gold,Toys,9866,Cash,2020-05-14,2023-01-04,56
CUST1097,Male,42,Hyderabad,Telangana,659224,64,Platinum,Clothing,19361,UPI,2023-05-02,2025-09-27,20
CUST1098,Female,68,Jaipur,Rajasthan,652211,46,Bronze,Toys,2015,Debit Card,2021-07-03,2024-08-09,42
CUST1099,Female,40,Pune,Maharashtra,601022,39,Silver,Books,4554,Debit Card,2022-11-29,2024-05-01,25
CUST1100,Female,32,Visakhapatnam,Andhra Pradesh,553082,85,Gold,Beauty,11342,Cash,2022-09-21,2026-06-17,27
CUST1101,Male,49,Mumbai,Maharashtra,316925,38,Bronze,Clothing,1883,Cash,2019-07-24,2022-08-04,66
CUST1102,Female,18,Kanpur,Uttar Pradesh,515870,48,Bronze,Clothing,848,Cash,2023-05-20,2024-12-12,19
CUST1103,Female,57,Kanpur,Uttar Pradesh,531457,37,Bronze,Beauty,2258,UPI,2022-07-07,2025-05-01,30
CUST1104,Male,57,Delhi,Delhi,439544,26,Bronze,Furniture,1547,Credit Card,2021-06-07,2022-01-24,43
CUST1105,Male,46,Bangalore,Karnataka,567742,52,Silver,Electronics,4737,UPI,2021-01-04,2023-03-12,48
CUST1106,Female,27,Hyderabad,Telangana,680810,33,Silver,Groceries,3929,Debit Card,2019-06-11,2022-12-10,67
CUST1107,Female,57,Lucknow,Uttar Pradesh,977237,34,Bronze,Toys,1826,UPI,2021-07-30,2023-02-02,41
CUST1108,Male,69,Ahmedabad,Gujarat,634915,82,Platinum,Toys,16839,UPI,2022-04-18,2024-01-20,32
CUST1109,Female,62,Chennai,Tamil Nadu,651510,37,Silver,Toys,10454,Credit Card,2020-04-30,2022-07-20,56
CUST1110,Female,54,Chennai,Tamil Nadu,585110,77,Platinum,Beauty,35906,UPI,2019-01-17,2022-04-20,72
CUST1111,Male,56,Kanpur,Uttar Pradesh,216245,56,Silver,Furniture,4302,Net Banking,2023-07-01,2025-07-21,18
CUST1112,Male,58,Hyderabad,Telangana,594697,42,Silver,Groceries,2846,Credit Card,2022-07-09,2026-03-23,30
CUST1113,Male,37,Nagpur,Maharashtra,612046,35,Silver,Clothing,3832,UPI,2020-10-31,2023-03-30,50
CUST1114,Male,30,Bangalore,Karnataka,1092648,76,Gold,Sports,7993,Debit Card,2020-06-10,2023-03-23,55
CUST1115,Female,65,Visakhapatnam,Andhra Pradesh,561527,49,Bronze,Groceries,3019,Debit Card,2023-10-28,2027-09-12,14
CUST1116,Female,69,Jaipur,Rajasthan,660309,30,Bronze,Clothing,1902,Cash,2021-01-24,2024-12-01,47
CUST1117,Female,55,Kolkata,West Bengal,593057,74,Gold,Furniture,9473,Cash,2019-02-21,2022-09-11,71
CUST1118,Female,57,Hyderabad,Telangana,366264,42,Silver,Sports,3740,Cash,2019-08-27,2020-07-08,65
CUST1119,Male,20,Chennai,Tamil Nadu,828564,90,Platinum,Groceries,22925,Cash,2021-07-18,2023-09-15,42
CUST1120,Female,55,Kanpur,Uttar Pradesh,750386,80,Gold,Toys,7114,Net Banking,2021-04-15,2022-12-08,45
CUST1121,Male,62,Pune,Maharashtra,758206,23,Bronze,Books,2149,Credit Card,2022-11-05,2024-12-26,26
CUST1122,Female,21,Kolkata,West Bengal,418122,53,Bronze,Toys,1709,Credit Card,2022-09-19,2023-12-27,27
CUST1123,Male,21,Nagpur,Maharashtra,880558,47,Bronze,Furniture,1925,Credit Card,2023-08-27,2026-11-04,16
CUST1124,Male,55,Hyderabad,Telangana,319629,71,Gold,Electronics,15147,UPI,2023-10-25,2024-09-15,14
CUST1125,Male,52,Chennai,Tamil Nadu,717371,85,Gold,Groceries,13835,Credit Card,2021-01-03,2022-06-04,48
CUST1126,Female,19,Bangalore,Karnataka,1038091,37,Bronze,Clothing,2448,Credit Card,2021-09-02,2024-04-07,40
CUST1127,Female,50,Surat,Gujarat,401892,5,Bronze,Electronics,1965,Net Banking,2020-09-09,2023-05-05,52
CUST1128,Male,21,Ahmedabad,Gujarat,486740,65,Gold,Toys,10640,Credit Card,2019-06-15,2021-05-04,67
CUST1129,Male,22,Bangalore,Karnataka,619930,21,Bronze,Books,1438,Cash,2022-05-08,2025-05-28,32
CUST1130,Female,47,Jaipur,Rajasthan,499304,62,Silver,Furniture,6361,Cash,2021-07-13,2022-11-22,42
CUST1131,Female,39,Visakhapatnam,Andhra Pradesh,289867,46,Silver,Beauty,5337,UPI,2022-09-24,2024-03-29,27
CUST1132,Female,27,Lucknow,Uttar Pradesh,613712,100,Platinum,Clothing,24638,Cash,2019-07-17,2021-09-17,66
CUST1133,Male,53,Mumbai,Maharashtra,387539,41,Silver,Clothing,4493,Cash,2020-12-25,2024-10-17,48
CUST1134,Female,64,Mumbai,Maharashtra,694718,77,Platinum,Furniture,16705,Debit Card,2022-09-06,2025-06-19,28
CUST1135,Male,24,Pune,Maharashtra,416115,58,Gold,Furniture,13761,Cash,2023-09-27,2026-12-18,15
CUST1136,Male,56,Bhopal,Madhya Pradesh,909986,49,Silver,Sports,4659,UPI,2020-11-26,2022-12-14,49
CUST1137,Male,29,Visakhapatnam,Andhra Pradesh,443349,27,Bronze,Electronics,1809,Credit Card,2023-03-09,2026-03-29,22
CUST1138,Male,42,Kolkata,West Bengal,535587,54,Silver,Books,6083,Net Banking,2022-05-06,2022-11-25,32
CUST1139,Male,27,Bangalore,Karnataka,762703,73,Gold,Toys,10380,Cash,2021-09-21,2025-03-17,39
CUST1140,Female,44,Chennai,Tamil Nadu,353827,20,Bronze,Clothing,1957,UPI,2022-10-20,2026-09-08,26
CUST1141,Female,51,Lucknow,Uttar Pradesh,645491,35,Bronze,Electronics,3701,Credit Card,2020-02-23,2021-12-01,59
CUST1142,Male,67,Bangalore,Karnataka,861428,68,Gold,Toys,11470,Cash,2019-12-26,2020-10-15,61
CUST1143,Female,52,Kanpur,Uttar Pradesh,278503,16,Bronze,Books,1678,Credit Card,2021-03-24,2021-07-18,45
CUST1144,Female,19,Ahmedabad,Gujarat,636926,93,Platinum,Beauty,14012,Cash,2020-08-15,2021-05-07,53
CUST1145,Female,19,Pune,Maharashtra,651976,40,Bronze,Books,1784,Credit Card,2021-06-13,2022-02-14,43
CUST1146,Male,45,Surat,Gujarat,756364,67,Silver,Books,6438,Debit Card,2020-11-13,2021-11-22,50
CUST1147,Male,50,Lucknow,Uttar Pradesh,352609,8,Bronze,Books,1918,UPI,2023-01-29,2026-10-11,23
CUST1148,Male,33,Delhi,Delhi,335908,34,Bronze,Clothing,2770,Debit Card,2023-05-02,2026-12-08,20
CUST1149,Female,47,Nagpur,Maharashtra,704388,36,Silver,Books,3914,UPI,2019-11-06,2022-05-24,62
CUST1150,Male,48,Ahmedabad,Gujarat,659396,53,Silver,Books,3077,Net Banking,2019-06-01,2021-03-27,68
CUST1151,Female,46,Mumbai,Maharashtra,650098,31,Bronze,Clothing,1791,Net Banking,2022-05-01,2025-04-03,32
CUST1152,Female,47,Surat,Gujarat,669289,55,Silver,Toys,1918,Net Banking,2022-08-27,2023-10-16,28
CUST1153,Female,56,Ahmedabad,Gujarat,463995,60,Silver,Books,4569,Credit Card,2021-10-30,2025-07-14,38
CUST1154,Male,20,Hyderabad,Telangana,646450,82,Gold,Groceries,9793,UPI,2021-02-02,2022-10-04,47
CUST1155,Female,44,Nagpur,Maharashtra,658614,15,Bronze,Books,1389,Credit Card,2020-11-06,2021-06-17,50
CUST1156,Female,36,Chennai,Tamil Nadu,457129,57,Gold,Groceries,4564,UPI,2019-06-16,2022-10-21,67
CUST1157,Male,40,Chennai,Tamil Nadu,973154,81,Platinum,Clothing,14325,UPI,2022-02-18,2024-04-29,34
CUST1158,Female,70,Bangalore,Karnataka,694766,57,Silver,Clothing,2838,Cash,2021-11-07,2023-12-18,38
CUST1159,Male,41,Chennai,Tamil Nadu,361739,35,Bronze,Toys,3420,Debit Card,2020-04-08,2021-02-13,57
CUST1160,Male,22,Chennai,Tamil Nadu,731310,83,Gold,Electronics,13056,UPI,2023-11-30,2027-06-17,13
CUST1161,Male,56,Kolkata,West Bengal,405063,36,Bronze,Groceries,2836,Cash,2019-03-31,2021-08-18,70
CUST1162,Female,61,Kanpur,Uttar Pradesh,757416,22,Bronze,Toys,2168,Debit Card,2021-12-29,2023-06-01,36
CUST1163,Female,69,Nagpur,Maharashtra,831719,54,Silver,Toys,3763,Cash,2023-04-25,2024-12-22,20
CUST1164,Female,50,Jaipur,Rajasthan,435863,53,Silver,Groceries,5852,UPI,2019-04-17,2022-12-20,69
CUST1165,Female,41,Jaipur,Rajasthan,792675,82,Platinum,Clothing,12984,UPI,2019-06-21,2020-06-13,67
CUST1166,Female,46,Bhopal,Madhya Pradesh,682556,52,Silver,Furniture,4425,Cash,2020-12-16,2021-03-10,49
CUST1167,Female,21,Kolkata,West Bengal,764412,52,Silver,Books,9821,Debit Card,2019-02-27,2021-01-09,71
CUST1168,Male,63,Lucknow,Uttar Pradesh,979358,31,Bronze,Toys,2133,Debit Card,2023-04-04,2027-04-17,21
CUST1169,Female,46,Surat,Gujarat,550922,36,Bronze,Groceries,2220,Net Banking,2023-01-29,2026-07-28,23
CUST1170,Female,25,Nagpur,Maharashtra,449252,29,Bronze,Beauty,2178,Net Banking,2021-07-25,2021-12-30,41
CUST1171,Male,49,Surat,Gujarat,422097,41,Silver,Groceries,3553,UPI,2021-05-29,2021-07-01,43
CUST1172,Female,33,Surat,Gujarat,436837,47,Silver,Books,4455,Credit Card,2021-12-13,2025-01-30,37
CUST1173,Male,42,Visakhapatnam,Andhra Pradesh,584579,31,Silver,Sports,1819,Credit Card,2021-01-01,2021-06-18,48
CUST1174,Female,33,Kanpur,Uttar Pradesh,668230,60,Silver,Books,6200,Debit Card,2019-04-01,2021-04-21,70
CUST1175,Female,70,Lucknow,Uttar Pradesh,655338,32,Bronze,Toys,1340,Debit Card,2023-07-20,2024-05-21,17
CUST1176,Male,63,Nagpur,Maharashtra,765436,91,Platinum,Furniture,20927,Credit Card,2020-10-08,2022-08-04,51
CUST1177,Female,70,Jaipur,Rajasthan,602600,64,Silver,Sports,5493,UPI,2023-11-01,2024-03-07,14
CUST1178,Female,35,Delhi,Delhi,890706,60,Gold,Toys,11170,Cash,2020-11-25,2022-01-11,49
CUST1179,Female,62,Ahmedabad,Gujarat,547068,32,Bronze,Clothing,1548,Cash,2019-06-11,2021-12-08,67
CUST1180,Male,52,Chennai,Tamil Nadu,1144033,42,Bronze,Sports,2425,Cash,2022-05-19,2026-06-26,31
CUST1181,Female,28,Kanpur,Uttar Pradesh,725133,34,Silver,Books,5788,Net Banking,2021-06-09,2023-01-22,43
CUST1182,Male,22,Lucknow,Uttar Pradesh,428568,38,Silver,Groceries,7040,Credit Card,2019-10-20,2023-04-16,63
CUST1183,Female,20,Bangalore,Karnataka,385821,31,Bronze,Beauty,1436,Net Banking,2019-03-08,2022-08-28,70
CUST1184,Male,61,Ahmedabad,Gujarat,696494,73,Platinum,Groceries,27333,Net Banking,2021-01-21,2023-05-16,48
CUST1185,Female,59,Chennai,Tamil Nadu,555307,42,Bronze,Toys,2640,Net Banking,2021-03-03,2024-05-26,46
CUST1186,Male,34,Nagpur,Maharashtra,742800,1,Bronze,Sports,2666,Cash,2020-02-14,2020-11-21,59
CUST1187,Male,22,Ahmedabad,Gujarat,694647,22,Bronze,Books,500,UPI,2022-12-24,2023-06-04,24
CUST1188,Female,37,Visakhapatnam,Andhra Pradesh,585434,26,Bronze,Groceries,1098,UPI,2021-11-07,2023-03-11,38
CUST1189,Male,30,Nagpur,Maharashtra,430641,30,Bronze,Books,1865,Cash,2023-07-04,2026-09-05,18
CUST1190,Male,57,Bhopal,Madhya Pradesh,297030,15,Bronze,Toys,4208,Net Banking,2021-04-21,2023-09-06,45
CUST1191,Male,26,Pune,Maharashtra,510697,35,Silver,Books,5700,Debit Card,2023-12-04,2027-02-05,13
CUST1192,Male,67,Bangalore,Karnataka,771279,52,Silver,Clothing,4730,Net Banking,2019-11-10,2021-08-23,62
CUST1193,Male,28,Pune,Maharashtra,642818,88,Platinum,Sports,34392,Credit Card,2020-05-28,2021-08-03,55
CUST1194,Female,26,Lucknow,Uttar Pradesh,350852,18,Bronze,Groceries,1851,Net Banking,2022-04-04,2023-03-15,33
CUST1195,Male,60,Surat,Gujarat,634636,54,Gold,Electronics,6460,Credit Card,2019-06-16,2019-10-17,67
CUST1196,Female,59,Hyderabad,Telangana,677063,57,Gold,Toys,12143,Net Banking,2020-08-16,2024-04-21,53
CUST1197,Female,48,Hyderabad,Telangana,423228,66,Gold,Clothing,7686,Credit Card,2019-11-20,2022-06-07,62
CUST1198,Female,48,Ahmedabad,Gujarat,630745,23,Bronze,Books,1677,UPI,2021-03-27,2022-01-18,45
CUST1199,Female,50,Jaipur,Rajasthan,611641,30,Bronze,Toys,2306,Debit Card,2019-10-16,2020-05-31,63
CUST1200,Male,36,Kolkata,West Bengal,371405,47,Gold,Groceries,13785,UPI,2022-03-29,2024-01-28,33
CUST1201,Male,66,Bangalore,Karnataka,671557,38,Silver,Sports,4837,Cash,2019-02-17,2019-09-19,71
CUST1202,Female,50,Ahmedabad,Gujarat,712156,87,Platinum,Electronics,25464,UPI,2021-10-10,2025-03-16,39
CUST1203,Female,36,Jaipur,Rajasthan,816610,34,Bronze,Sports,2201,UPI,2023-04-14,2025-08-16,20
CUST1204,Female,20,Kolkata,West Bengal,810760,21,Bronze,Sports,1784,Credit Card,2021-03-02,2024-01-28,46
CUST1205,Female,66,Jaipur,Rajasthan,324466,45,Bronze,Clothing,1937,Debit Card,2019-07-18,2021-10-31,66
CUST1206,Female,68,Pune,Maharashtra,412434,46,Silver,Beauty,5625,Net Banking,2019-03-24,2019-07-24,70
CUST1207,Male,26,Kanpur,Uttar Pradesh,703007,19,Bronze,Groceries,2108,UPI,2022-06-09,2024-04-21,31
CUST1208,Male,43,Surat,Gujarat,702757,67,Gold,Toys,12587,Net Banking,2020-09-05,2023-06-04,52
CUST1209,Male,41,Pune,Maharashtra,703009,63,Silver,Electronics,4749,Net Banking,2021-08-29,2023-03-25,40
CUST1210,Male,64,Mumbai,Maharashtra,1370546,56,Silver,Beauty,6854,Debit Card,2023-08-10,2027-07-04,16
CUST1211,Male,20,Surat,Gujarat,714178,86,Platinum,Books,20747,Cash,2019-11-07,2022-03-31,62
CUST1212,Male,44,Jaipur,Rajasthan,827113,87,Gold,Electronics,7082,Debit Card,2021-11-28,2023-02-25,37
CUST1213,Female,60,Ahmedabad,Gujarat,790800,47,Silver,Books,5851,Net Banking,2020-12-26,2024-11-09,48
CUST1214,Female,57,Ahmedabad,Gujarat,730278,30,Bronze,Furniture,2766,UPI,2023-04-29,2025-01-09,20
CUST1215,Male,62,Kanpur,Uttar Pradesh,536946,37,Silver,Sports,5243,UPI,2019-09-07,2022-12-24,64
CUST1216,Female,43,Visakhapatnam,Andhra Pradesh,751793,30,Bronze,Electronics,1665,UPI,2023-01-02,2023-07-12,24
CUST1217,Female,46,Lucknow,Uttar Pradesh,445434,23,Bronze,Sports,2052,Net Banking,2022-11-26,2024-07-04,25
CUST1218,Male,24,Surat,Gujarat,552636,70,Gold,Furniture,10966,Debit Card,2019-04-18,2019-12-09,69
CUST1219,Female,39,Kanpur,Uttar Pradesh,502927,47,Silver,Groceries,4259,Cash,2022-08-30,2025-05-30,28
CUST1220,Female,59,Hyderabad,Telangana,616374,68,Gold,Electronics,12392,Credit Card,2022-08-28,2025-12-15,28
CUST1221,Male,52,Kanpur,Uttar Pradesh,1062931,90,Gold,Groceries,7429,Cash,2023-09-12,2024-10-06,15
CUST1222,Male,43,Nagpur,Maharashtra,226546,73,Silver,Sports,3511,Credit Card,2019-01-19,2020-10-21,72
CUST1223,Male,39,Chennai,Tamil Nadu,737252,42,Silver,Groceries,3581,Net Banking,2021-08-16,2023-03-27,41
CUST1224,Male,69,Delhi,Delhi,277456,28,Bronze,Groceries,1138,Credit Card,2023-02-17,2025-02-06,22
CUST1225,Female,54,Lucknow,Uttar Pradesh,505613,78,Gold,Beauty,15272,Cash,2021-11-21,2023-10-23,37
CUST1226,Male,43,Lucknow,Uttar Pradesh,817790,41,Bronze,Furniture,1921,Credit Card,2020-06-18,2022-09-11,55
CUST1227,Male,46,Nagpur,Maharashtra,612856,23,Bronze,Electronics,2695,UPI,2022-08-31,2024-10-05,28
CUST1228,Male,21,Lucknow,Uttar Pradesh,384451,26,Bronze,Sports,2573,Credit Card,2022-08-01,2024-04-26,29
CUST1229,Female,57,Hyderabad,Telangana,456939,33,Bronze,Books,2257,Cash,2022-12-08,2026-02-04,25
CUST1230,Female,66,Jaipur,Rajasthan,735919,77,Gold,Clothing,5480,Net Banking,2021-07-03,2024-07-18,42
CUST1231,Female,22,Bhopal,Madhya Pradesh,453926,61,Silver,Furniture,5714,Net Banking,2022-01-04,2022-12-06,36
CUST1232,Male,38,Visakhapatnam,Andhra Pradesh,643291,55,Silver,Toys,5678,Credit Card,2021-11-11,2024-06-10,38
CUST1233,Male,47,Bangalore,Karnataka,609114,46,Silver,Toys,5138,UPI,2023-01-21,2023-04-05,23
CUST1234,Female,34,Visakhapatnam,Andhra Pradesh,469679,30,Bronze,Beauty,2228,UPI,2022-12-05,2023-05-14,25
CUST1235,Male,22,Bhopal,Madhya Pradesh,1028788,48,Silver,Groceries,5919,Cash,2021-02-05,2023-04-29,47
CUST1236,Female,42,Kolkata,West Bengal,726783,49,Bronze,Groceries,1726,UPI,2019-08-31,2020-09-29,64
CUST1237,Female,51,Bangalore,Karnataka,200000,70,Gold,Electronics,10246,UPI,2021-08-06,2025-06-15,41
CUST1238,Female,52,Kolkata,West Bengal,637290,70,Gold,Sports,12765,Debit Card,2023-11-28,2024-08-15,13
CUST1239,Male,69,Lucknow,Uttar Pradesh,467642,52,Silver,Electronics,1903,Debit Card,2020-02-27,2020-08-12,58
CUST1240,Male,56,Mumbai,Maharashtra,770486,40,Silver,Furniture,2315,Credit Card,2021-04-03,2023-10-18,45
CUST1241,Male,52,Hyderabad,Telangana,441495,70,Gold,Sports,8373,Debit Card,2023-07-29,2026-11-19,17
CUST1242,Female,54,Surat,Gujarat,577052,73,Gold,Groceries,7994,Net Banking,2020-03-28,2022-08-21,57
CUST1243,Female,35,Mumbai,Maharashtra,700997,36,Silver,Groceries,3668,Cash,2022-02-12,2024-12-23,35
CUST1244,Male,40,Lucknow,Uttar Pradesh,773151,51,Silver,Beauty,3718,Cash,2019-11-02,2021-08-07,62
CUST1245,Female,29,Nagpur,Maharashtra,359940,50,Silver,Groceries,6070,Cash,2019-04-29,2022-07-23,69
CUST1246,Female,44,Jaipur,Rajasthan,533099,44,Silver,Books,5742,Credit Card,2021-07-10,2023-09-07,42
CUST1247,Male,52,Kanpur,Uttar Pradesh,505010,79,Gold,Electronics,10928,Credit Card,2020-01-21,2023-06-07,60
CUST1248,Male,48,Hyderabad,Telangana,469334,57,Gold,Electronics,16526,Debit Card,2020-01-25,2020-10-21,60
CUST1249,Female,33,Kanpur,Uttar Pradesh,953090,56,Silver,Books,8196,UPI,2021-02-18,2023-10-30,47
CUST1250,Female,37,Chennai,Tamil Nadu,680996,38,Bronze,Toys,1548,UPI,2020-02-21,2022-04-20,59
CUST1251,Female,44,Mumbai,Maharashtra,347823,51,Silver,Sports,5828,Net Banking,2022-04-11,2025-08-09,33
CUST1252,Female,36,Bangalore,Karnataka,783572,31,Bronze,Furniture,2773,Cash,2022-02-01,2025-11-02,35
CUST1253,Female,34,Nagpur,Maharashtra,1024431,84,Gold,Toys,9102,Cash,2019-12-11,2021-12-31,61
CUST1254,Male,26,Kanpur,Uttar Pradesh,806493,58,Silver,Electronics,7881,Net Banking,2019-03-11,2019-09-09,70
CUST1255,Male,66,Mumbai,Maharashtra,296126,53,Silver,Groceries,4090,Credit Card,2020-03-23,2023-02-21,58
CUST1256,Female,41,Mumbai,Maharashtra,503153,43,Silver,Toys,3200,Cash,2019-02-02,2019-03-17,71
CUST1257,Female,18,Mumbai,Maharashtra,853382,45,Silver,Electronics,9081,Net Banking,2023-07-24,2027-07-22,17
CUST1258,Female,69,Bhopal,Madhya Pradesh,458466,40,Bronze,Furniture,1639,Debit Card,2022-06-23,2025-07-05,30
CUST1259,Female,70,Pune,Maharashtra,688763,22,Bronze,Beauty,2349,Cash,2022-03-03,2023-08-13,34
CUST1260,Male,37,Lucknow,Uttar Pradesh,754926,97,Gold,Electronics,14504,Credit Card,2021-04-10,2023-06-25,45
CUST1261,Female,53,Ahmedabad,Gujarat,414613,36,Bronze,Toys,2021,Cash,2022-08-13,2024-07-21,29
CUST1262,Male,51,Bhopal,Madhya Pradesh,588094,34,Bronze,Toys,3172,UPI,2019-04-06,2019-10-05,69
CUST1263,Female,52,Surat,Gujarat,200000,58,Silver,Electronics,7640,Debit Card,2022-04-17,2023-03-08,32
CUST1264,Female,22,Chennai,Tamil Nadu,395122,31,Bronze,Beauty,3136,Net Banking,2020-11-10,2023-02-04,50
CUST1265,Male,68,Kanpur,Uttar Pradesh,549486,42,Gold,Electronics,9959,Credit Card,2021-06-14,2022-11-01,43
CUST1266,Male,39,Surat,Gujarat,350443,79,Gold,Books,9155,Credit Card,2022-07-22,2024-03-02,29
CUST1267,Female,49,Hyderabad,Telangana,926482,39,Bronze,Beauty,1769,Credit Card,2023-05-01,2026-11-17,20
CUST1268,Female,69,Hyderabad,Telangana,313971,75,Gold,Groceries,10855,Cash,2020-10-10,2022-11-17,51
CUST1269,Male,23,Mumbai,Maharashtra,511991,69,Platinum,Clothing,23456,Debit Card,2019-06-28,2020-08-14,67
CUST1270,Female,46,Jaipur,Rajasthan,626148,48,Silver,Books,5189,Net Banking,2019-07-10,2022-12-13,66
CUST1271,Female,42,Mumbai,Maharashtra,888254,26,Bronze,Furniture,2163,Net Banking,2021-12-03,2022-12-15,37
CUST1272,Female,28,Bangalore,Karnataka,312827,29,Bronze,Groceries,2334,Cash,2020-07-19,2022-12-28,54
CUST1273,Female,48,Nagpur,Maharashtra,832632,29,Bronze,Toys,2451,Net Banking,2022-06-16,2023-08-20,30
CUST1274,Female,24,Bangalore,Karnataka,602046,38,Bronze,Beauty,1829,UPI,2021-06-20,2023-06-05,43
CUST1275,Female,70,Visakhapatnam,Andhra Pradesh,403698,75,Gold,Books,9738,Net Banking,2022-11-24,2024-02-08,25
CUST1276,Female,38,Bangalore,Karnataka,692420,93,Platinum,Toys,19027,Net Banking,2023-05-21,2024-10-28,19
CUST1277,Female,42,Chennai,Tamil Nadu,639811,66,Gold,Furniture,10919,Net Banking,2022-01-22,2023-02-24,35
CUST1278,Male,64,Ahmedabad,Gujarat,479956,89,Platinum,Clothing,30383,Cash,2022-10-10,2025-08-27,27
CUST1279,Male,58,Chennai,Tamil Nadu,613960,21,Bronze,Beauty,1201,Credit Card,2021-07-08,2024-12-13,42
CUST1280,Female,55,Kolkata,West Bengal,522937,67,Silver,Beauty,3599,Net Banking,2019-03-17,2021-04-21,70
CUST1281,Male,24,Nagpur,Maharashtra,622703,26,Bronze,Electronics,1688,Net Banking,2022-08-14,2026-07-01,29
CUST1282,Female,66,Pune,Maharashtra,732426,83,Platinum,Sports,20369,Debit Card,2021-11-11,2024-11-07,38
CUST1283,Male,46,Pune,Maharashtra,917203,31,Bronze,Groceries,1208,UPI,2019-02-20,2021-12-04,71
CUST1284,Male,36,Kolkata,West Bengal,352436,100,Platinum,Groceries,25814,UPI,2020-09-30,2022-10-02,51
CUST1285,Female,68,Hyderabad,Telangana,1026606,47,Silver,Toys,5554,UPI,2019-05-18,2021-02-20,68
CUST1286,Male,69,Kanpur,Uttar Pradesh,209582,38,Bronze,Groceries,1295,Debit Card,2021-11-22,2022-12-14,37
CUST1287,Male,39,Jaipur,Rajasthan,569642,32,Silver,Groceries,5633,Debit Card,2022-08-04,2026-05-11,29
CUST1288,Female,43,Mumbai,Maharashtra,717663,78,Gold,Beauty,7802,Cash,2019-01-10,2023-01-22,72
CUST1289,Male,31,Chennai,Tamil Nadu,656198,71,Gold,Clothing,8994,Net Banking,2020-01-18,2022-03-07,60
CUST1290,Female,30,Ahmedabad,Gujarat,475460,24,Bronze,Books,1388,Net Banking,2021-03-06,2024-09-07,46
CUST1291,Female,55,Delhi,Delhi,558375,37,Bronze,Sports,1313,Net Banking,2022-04-23,2022-11-12,32
CUST1292,Male,38,Delhi,Delhi,501399,37,Bronze,Groceries,2388,Net Banking,2021-03-06,2023-08-09,46
CUST1293,Male,54,Kolkata,West Bengal,482127,37,Silver,Groceries,5155,Net Banking,2019-12-08,2022-10-05,61
CUST1294,Female,26,Bangalore,Karnataka,769920,26,Bronze,Books,2060,Credit Card,2021-09-19,2022-07-25,39
CUST1295,Male,70,Kolkata,West Bengal,671403,73,Platinum,Toys,19760,Cash,2022-12-25,2025-07-21,24
CUST1296,Female,28,Delhi,Delhi,461418,52,Silver,Electronics,3984,UPI,2020-04-05,2023-05-11,57
CUST1297,Female,28,Nagpur,Maharashtra,779919,49,Silver,Clothing,2446,Net Banking,2019-08-22,2021-03-22,65
CUST1298,Female,52,Visakhapatnam,Andhra Pradesh,661459,70,Gold,Furniture,6769,Cash,2019-07-29,2023-04-27,66
CUST1299,Male,37,Visakhapatnam,Andhra Pradesh,762572,76,Platinum,Clothing,21725,Cash,2023-11-08,2024-08-04,13
CUST1300,Male,31,Nagpur,Maharashtra,725925,62,Gold,Beauty,4470,Debit Card,2022-06-15,2023-04-26,31
CUST1301,Male,70,Hyderabad,Telangana,434200,58,Gold,Groceries,8423,UPI,2022-12-12,2024-09-01,25
CUST1302,Female,54,Chennai,Tamil Nadu,487963,63,Platinum,Clothing,18835,Debit Card,2023-03-17,2025-08-05,21
CUST1303,Male,35,Visakhapatnam,Andhra Pradesh,749458,48,Silver,Groceries,4236,UPI,2023-08-24,2025-02-10,16
CUST1304,Female,49,Bangalore,Karnataka,722074,48,Silver,Toys,6540,Credit Card,2022-07-21,2023-02-26,29
CUST1305,Female,50,Kanpur,Uttar Pradesh,595819,38,Bronze,Toys,1775,UPI,2022-04-06,2022-05-11,33
CUST1306,Male,64,Ahmedabad,Gujarat,623465,43,Silver,Beauty,2236,Debit Card,2021-05-29,2022-09-04,43
CUST1307,Female,35,Pune,Maharashtra,855532,63,Gold,Toys,13356,UPI,2022-10-29,2023-03-07,26
CUST1308,Male,24,Lucknow,Uttar Pradesh,481685,65,Gold,Groceries,10388,Cash,2021-07-23,2021-08-23,41
CUST1309,Female,30,Kanpur,Uttar Pradesh,709419,91,Platinum,Sports,16568,Credit Card,2022-09-02,2024-10-09,28
CUST1310,Female,23,Pune,Maharashtra,559561,48,Silver,Sports,4606,Debit Card,2021-05-29,2025-03-01,43
CUST1311,Male,63,Delhi,Delhi,556463,24,Bronze,Furniture,2046,Net Banking,2022-10-24,2025-05-22,26
CUST1312,Male,18,Kanpur,Uttar Pradesh,819755,44,Bronze,Groceries,2818,Cash,2019-05-26,2020-10-05,68
CUST1313,Female,23,Kanpur,Uttar Pradesh,765083,77,Gold,Sports,11734,Debit Card,2021-02-22,2021-12-21,46
CUST1314,Male,22,Jaipur,Rajasthan,762701,45,Silver,Books,4426,Debit Card,2022-07-10,2023-06-15,30
CUST1315,Female,57,Lucknow,Uttar Pradesh,861095,54,Silver,Groceries,8128,Credit Card,2022-04-22,2024-07-16,32
CUST1316,Female,45,Pune,Maharashtra,604200,70,Gold,Furniture,14314,Net Banking,2022-05-15,2025-10-24,32
CUST1317,Female,67,Kanpur,Uttar Pradesh,736390,41,Bronze,Furniture,995,Net Banking,2022-05-27,2025-05-04,31
CUST1318,Male,65,Kolkata,West Bengal,537946,50,Bronze,Furniture,2430,Cash,2021-03-01,2021-11-16,46
CUST1319,Male,49,Lucknow,Uttar Pradesh,664833,22,Silver,Books,4268,UPI,2019-09-28,2021-12-28,64
CUST1320,Female,41,Jaipur,Rajasthan,573971,51,Silver,Clothing,1283,Credit Card,2022-04-17,2022-10-02,32
CUST1321,Male,34,Hyderabad,Telangana,619399,46,Bronze,Sports,2392,Net Banking,2023-04-21,2025-09-17,20
CUST1322,Female,62,Kolkata,West Bengal,719031,16,Bronze,Sports,1810,Credit Card,2020-09-26,2021-04-05,51
CUST1323,Male,69,Bangalore,Karnataka,436355,39,Silver,Clothing,6348,UPI,2022-12-01,2025-06-13,25
CUST1324,Male,21,Hyderabad,Telangana,1018477,19,Bronze,Electronics,2263,UPI,2022-09-26,2026-07-04,27
CUST1325,Male,25,Mumbai,Maharashtra,398796,68,Gold,Books,8288,Net Banking,2021-11-25,2023-06-08,37
CUST1326,Male,41,Bangalore,Karnataka,357162,81,Gold,Clothing,6519,Credit Card,2020-11-17,2023-05-15,50
CUST1327,Female,51,Delhi,Delhi,831622,43,Bronze,Toys,1868,Cash,2021-11-12,2023-12-19,38
CUST1328,Male,49,Visakhapatnam,Andhra Pradesh,758332,44,Silver,Clothing,5850,Net Banking,2022-10-12,2023-07-05,27
CUST1329,Male,65,Jaipur,Rajasthan,724823,30,Bronze,Electronics,1926,Cash,2021-01-15,2023-04-09,48
CUST1330,Male,29,Bhopal,Madhya Pradesh,725669,100,Platinum,Beauty,22383,Debit Card,2020-10-21,2022-04-12,51
CUST1331,Female,64,Pune,Maharashtra,597550,38,Bronze,Electronics,2272,Debit Card,2020-04-02,2023-03-24,57
CUST1332,Male,43,Delhi,Delhi,420549,81,Gold,Sports,6143,UPI,2019-06-26,2022-08-31,67
CUST1333,Female,18,Pune,Maharashtra,615160,22,Bronze,Furniture,1800,Cash,2021-01-24,2024-06-18,47
CUST1334,Female,67,Nagpur,Maharashtra,464567,43,Bronze,Furniture,1406,Debit Card,2019-01-14,2021-06-01,72
CUST1335,Male,32,Jaipur,Rajasthan,795023,40,Bronze,Books,960,Credit Card,2023-04-04,2027-01-09,21
CUST1336,Female,65,Kanpur,Uttar Pradesh,570588,37,Bronze,Beauty,3646,Cash,2019-05-03,2020-03-19,68
CUST1337,Female,23,Mumbai,Maharashtra,434900,94,Platinum,Books,15628,Cash,2023-03-12,2023-10-01,22
CUST1338,Male,50,Bangalore,Karnataka,535722,39,Silver,Electronics,6237,Cash,2022-09-18,2023-07-12,27
CUST1339,Male,36,Chennai,Tamil Nadu,682586,78,Gold,Books,8656,UPI,2021-07-16,2023-02-22,42
CUST1340,Male,22,Hyderabad,Telangana,487255,30,Bronze,Clothing,1714,Debit Card,2021-07-09,2024-03-19,42
CUST1341,Female,44,Delhi,Delhi,435555,56,Silver,Sports,4774,Cash,2020-06-26,2021-03-28,54
CUST1342,Male,28,Nagpur,Maharashtra,648737,57,Silver,Electronics,2944,Debit Card,2023-09-08,2025-08-09,16
CUST1343,Male,23,Kanpur,Uttar Pradesh,648993,22,Bronze,Sports,2567,UPI,2023-08-07,2024-08-27,17
CUST1344,Male,43,Visakhapatnam,Andhra Pradesh,498611,49,Silver,Toys,3862,Credit Card,2023-07-05,2024-05-16,18
CUST1345,Male,18,Mumbai,Maharashtra,505792,75,Gold,Beauty,9826,UPI,2022-11-06,2026-06-18,26
CUST1346,Male,55,Surat,Gujarat,646409,30,Bronze,Clothing,1883,Debit Card,2022-08-15,2025-03-10,28
CUST1347,Male,23,Bhopal,Madhya Pradesh,310383,71,Gold,Toys,8569,Credit Card,2019-12-11,2023-03-30,61
CUST1348,Female,70,Kanpur,Uttar Pradesh,318507,44,Bronze,Groceries,2167,UPI,2020-03-15,2021-05-02,58
CUST1349,Female,35,Ahmedabad,Gujarat,456311,83,Gold,Furniture,10900,UPI,2021-10-18,2024-03-09,39
CUST1350,Female,21,Delhi,Delhi,557310,34,Bronze,Furniture,2303,Net Banking,2023-06-16,2023-08-24,18
CUST1351,Female,68,Kanpur,Uttar Pradesh,662181,18,Bronze,Books,1809,Cash,2020-07-07,2021-08-09,54
CUST1352,Male,38,Surat,Gujarat,895071,43,Bronze,Electronics,1365,Cash,2021-12-20,2024-01-21,36
CUST1353,Male,28,Delhi,Delhi,771531,30,Bronze,Electronics,2739,Debit Card,2022-03-25,2024-06-27,33
CUST1354,Female,29,Bangalore,Karnataka,568012,23,Bronze,Books,2893,Net Banking,2019-02-27,2023-03-08,71
CUST1355,Female,54,Surat,Gujarat,596196,48,Bronze,Toys,1635,Net Banking,2020-09-24,2021-10-18,51
CUST1356,Female,20,Delhi,Delhi,399494,28,Bronze,Toys,1928,Credit Card,2020-11-10,2024-05-20,50
CUST1357,Male,69,Bangalore,Karnataka,596297,37,Bronze,Books,2970,Credit Card,2019-02-14,2020-01-12,71
CUST1358,Male,67,Delhi,Delhi,542268,86,Gold,Books,4142,Cash,2022-04-15,2022-12-07,33
CUST1359,Female,37,Pune,Maharashtra,664543,43,Bronze,Toys,3222,UPI,2019-12-23,2024-01-09,61
CUST1360,Female,32,Lucknow,Uttar Pradesh,434553,53,Silver,Sports,6145,Debit Card,2019-12-30,2020-02-01,60
CUST1361,Female,67,Surat,Gujarat,703869,11,Bronze,Furniture,1188,Net Banking,2019-08-02,2022-06-13,65
CUST1362,Male,39,Kanpur,Uttar Pradesh,906547,24,Bronze,Clothing,2432,UPI,2021-07-03,2021-08-25,42
CUST1363,Female,31,Hyderabad,Telangana,578247,39,Silver,Electronics,7129,Credit Card,2021-03-01,2023-09-14,46
CUST1364,Female,28,Bhopal,Madhya Pradesh,680342,56,Silver,Beauty,4056,Credit Card,2023-08-25,2026-06-01,16
CUST1365,Male,28,Ahmedabad,Gujarat,738028,34,Bronze,Books,1586,UPI,2019-08-03,2020-01-31,65
CUST1366,Female,28,Bhopal,Madhya Pradesh,519755,28,Bronze,Clothing,1249,UPI,2022-05-01,2025-11-07,32
CUST1367,Female,63,Mumbai,Maharashtra,644818,42,Silver,Beauty,3313,Debit Card,2019-04-20,2019-12-13,69
CUST1368,Female,31,Hyderabad,Telangana,602518,28,Silver,Sports,3859,UPI,2020-09-01,2022-01-30,52
CUST1369,Male,21,Kolkata,West Bengal,619535,53,Silver,Books,4268,Credit Card,2021-05-25,2021-12-20,43
CUST1370,Female,70,Lucknow,Uttar Pradesh,445398,45,Silver,Furniture,5083,Debit Card,2022-07-31,2024-04-18,29
CUST1371,Male,48,Visakhapatnam,Andhra Pradesh,604902,32,Bronze,Sports,1339,Credit Card,2022-08-07,2025-09-24,29
CUST1372,Female,29,Pune,Maharashtra,699599,62,Gold,Sports,12384,Cash,2021-08-10,2023-03-02,41
CUST1373,Male,35,Surat,Gujarat,890228,30,Bronze,Clothing,1109,UPI,2023-07-14,2026-08-25,17
CUST1374,Female,66,Surat,Gujarat,791854,39,Bronze,Beauty,2221,Net Banking,2022-11-08,2025-08-06,26
CUST1375,Male,48,Chennai,Tamil Nadu,1030636,42,Bronze,Groceries,1455,Credit Card,2023-03-31,2025-11-04,21
CUST1376,Male,28,Hyderabad,Telangana,446530,77,Gold,Beauty,12242,Debit Card,2023-08-12,2027-03-18,16
CUST1377,Male,56,Chennai,Tamil Nadu,774464,27,Bronze,Clothing,922,Cash,2022-02-13,2024-06-05,35
CUST1378,Female,35,Jaipur,Rajasthan,636668,62,Silver,Beauty,3118,Credit Card,2021-04-28,2022-03-30,44
CUST1379,Male,54,Surat,Gujarat,1037960,54,Silver,Clothing,4848,Net Banking,2023-05-16,2024-01-07,19
CUST1380,Female,52,Bhopal,Madhya Pradesh,438340,21,Bronze,Toys,2313,Net Banking,2022-06-01,2025-02-23,31
CUST1381,Male,29,Chennai,Tamil Nadu,432055,38,Silver,Beauty,3466,Credit Card,2021-03-21,2023-02-27,46
CUST1382,Male,21,Kanpur,Uttar Pradesh,480121,48,Silver,Books,6438,UPI,2020-09-28,2022-05-25,51
CUST1383,Female,62,Lucknow,Uttar Pradesh,200000,33,Bronze,Toys,1763,UPI,2020-07-05,2022-12-05,54
CUST1384,Male,30,Ahmedabad,Gujarat,494848,37,Bronze,Books,1118,Credit Card,2021-11-21,2022-11-11,37
CUST1385,Male,37,Kanpur,Uttar Pradesh,448173,62,Silver,Electronics,7204,Debit Card,2020-01-30,2021-04-15,59
CUST1386,Male,33,Mumbai,Maharashtra,630078,63,Silver,Sports,3846,UPI,2023-08-14,2026-04-20,16
CUST1387,Female,58,Bhopal,Madhya Pradesh,668351,39,Bronze,Toys,2110,Debit Card,2023-11-18,2026-08-15,13
CUST1388,Female,40,Bangalore,Karnataka,975234,68,Gold,Clothing,15647,UPI,2019-02-26,2021-05-27,71
CUST1389,Male,28,Visakhapatnam,Andhra Pradesh,790084,69,Silver,Furniture,4353,Debit Card,2020-07-05,2024-03-30,54
CUST1390,Female,50,Mumbai,Maharashtra,484619,84,Gold,Toys,9068,Debit Card,2022-08-18,2023-09-06,28
CUST1391,Male,32,Chennai,Tamil Nadu,420317,64,Silver,Sports,4169,Cash,2021-02-10,2023-02-24,47
CUST1392,Female,34,Hyderabad,Telangana,698383,41,Silver,Beauty,2490,Net Banking,2019-07-29,2019-09-12,66
CUST1393,Female,53,Lucknow,Uttar Pradesh,335953,46,Silver,Toys,7230,Credit Card,2020-11-19,2022-07-08,50
CUST1394,Female,35,Chennai,Tamil Nadu,966291,63,Silver,Furniture,4355,Debit Card,2021-11-25,2023-05-01,37
CUST1395,Male,69,Visakhapatnam,Andhra Pradesh,835888,58,Gold,Groceries,7407,Credit Card,2022-09-04,2025-07-18,28
CUST1396,Female,34,Bhopal,Madhya Pradesh,506164,47,Silver,Furniture,5259,UPI,2023-01-27,2027-02-25,23
CUST1397,Male,61,Jaipur,Rajasthan,257373,26,Silver,Books,5541,Net Banking,2020-09-06,2021-09-19,52
CUST1398,Male,36,Delhi,Delhi,870774,49,Silver,Groceries,2593,UPI,2022-09-02,2023-04-02,28
CUST1399,Male,40,Hyderabad,Telangana,577092,63,Gold,Books,14948,UPI,2020-06-17,2023-10-29,55
CUST1400,Female,47,Visakhapatnam,Andhra Pradesh,847563,43,Bronze,Clothing,2281,Cash,2020-02-03,2022-12-23,59
CUST1401,Male,61,Kolkata,West Bengal,281114,32,Silver,Groceries,6575,Debit Card,2020-02-15,2022-02-15,59
CUST1402,Female,54,Bhopal,Madhya Pradesh,480124,76,Platinum,Groceries,21378,Credit Card,2021-09-25,2023-09-06,39
CUST1403,Male,38,Lucknow,Uttar Pradesh,601048,23,Bronze,Groceries,2122,Net Banking,2023-04-15,2024-04-03,20
CUST1404,Female,68,Nagpur,Maharashtra,609396,77,Gold,Beauty,12324,Cash,2021-05-28,2024-02-29,43
CUST1405,Female,18,Mumbai,Maharashtra,509986,47,Silver,Books,1354,Net Banking,2020-01-26,2020-04-01,60
CUST1406,Male,58,Kanpur,Uttar Pradesh,724569,26,Bronze,Groceries,1483,Credit Card,2021-02-24,2024-01-20,46
CUST1407,Female,28,Delhi,Delhi,386475,67,Gold,Books,12373,Cash,2022-11-07,2023-09-07,26
CUST1408,Female,49,Pune,Maharashtra,571524,81,Gold,Beauty,15624,Credit Card,2020-04-12,2021-08-14,57
CUST1409,Male,31,Kanpur,Uttar Pradesh,624059,24,Bronze,Electronics,1991,Cash,2023-12-01,2027-08-03,13
CUST1410,Female,67,Jaipur,Rajasthan,702887,47,Silver,Clothing,4738,Credit Card,2019-04-09,2023-03-21,69
CUST1411,Male,44,Ahmedabad,Gujarat,742322,19,Bronze,Groceries,1800,Debit Card,2022-11-24,2026-10-28,25
CUST1412,Male,37,Kolkata,West Bengal,375071,45,Silver,Groceries,3985,Cash,2023-08-29,2024-04-29,16
CUST1413,Male,36,Delhi,Delhi,293177,56,Gold,Sports,10058,Net Banking,2020-02-18,2022-03-22,59
CUST1414,Female,36,Bangalore,Karnataka,855535,23,Bronze,Toys,2009,UPI,2020-04-25,2020-05-30,57
CUST1415,Male,60,Delhi,Delhi,666462,92,Platinum,Groceries,12326,Credit Card,2023-05-16,2026-04-27,19
CUST1416,Male,64,Kanpur,Uttar Pradesh,450302,29,Bronze,Sports,2434,UPI,2021-08-08,2021-12-18,41
CUST1417,Male,70,Bangalore,Karnataka,910230,75,Gold,Books,7729,Cash,2023-02-21,2023-11-15,22
CUST1418,Male,66,Bhopal,Madhya Pradesh,623134,38,Bronze,Groceries,1290,UPI,2021-01-02,2023-07-17,48
CUST1419,Female,64,Delhi,Delhi,835859,27,Bronze,Beauty,2246,Cash,2020-07-10,2022-10-07,54
CUST1420,Female,69,Kolkata,West Bengal,613503,51,Silver,Electronics,4296,Debit Card,2019-08-01,2021-12-30,65
CUST1421,Female,69,Surat,Gujarat,1012149,54,Silver,Books,6331,Net Banking,2019-03-01,2023-01-30,71
CUST1422,Male,48,Bhopal,Madhya Pradesh,951068,58,Silver,Clothing,3950,UPI,2022-09-03,2024-07-07,28
CUST1423,Male,63,Visakhapatnam,Andhra Pradesh,550207,51,Silver,Furniture,3045,UPI,2021-11-29,2024-12-04,37
CUST1424,Male,45,Lucknow,Uttar Pradesh,794314,55,Gold,Beauty,10501,Debit Card,2023-09-15,2026-12-01,15
CUST1425,Male,18,Lucknow,Uttar Pradesh,729075,73,Platinum,Toys,19763,Debit Card,2019-06-03,2022-04-04,67
CUST1426,Female,33,Pune,Maharashtra,873726,91,Platinum,Beauty,21325,Cash,2023-08-01,2024-12-24,17
CUST1427,Male,47,Ahmedabad,Gujarat,407015,51,Gold,Toys,11894,UPI,2019-09-01,2022-07-15,64
CUST1428,Male,24,Kolkata,West Bengal,737210,49,Silver,Clothing,4990,Net Banking,2022-06-21,2026-02-15,30
CUST1429,Female,50,Jaipur,Rajasthan,811684,18,Bronze,Books,704,Credit Card,2023-07-31,2024-11-28,17
CUST1430,Female,39,Jaipur,Rajasthan,248252,57,Gold,Books,7200,Cash,2019-08-22,2020-04-07,65
CUST1431,Male,18,Pune,Maharashtra,363348,18,Bronze,Books,1198,Credit Card,2019-04-04,2020-04-04,69
CUST1432,Female,26,Visakhapatnam,Andhra Pradesh,200000,69,Gold,Furniture,8595,Debit Card,2019-09-05,2021-12-17,64
CUST1433,Male,47,Visakhapatnam,Andhra Pradesh,546118,69,Gold,Beauty,8598,Credit Card,2022-07-20,2026-05-26,29
CUST1434,Male,67,Bhopal,Madhya Pradesh,743508,36,Silver,Groceries,1851,Cash,2019-01-09,2022-01-29,72
CUST1435,Male,53,Bhopal,Madhya Pradesh,900471,30,Silver,Groceries,3262,Net Banking,2019-12-22,2020-10-09,61
CUST1436,Male,42,Lucknow,Uttar Pradesh,614818,58,Silver,Beauty,3805,Cash,2022-06-01,2026-05-19,31
CUST1437,Male,35,Kolkata,West Bengal,925723,95,Platinum,Groceries,18785,Debit Card,2021-04-25,2024-10-09,44
CUST1438,Female,62,Jaipur,Rajasthan,323979,64,Gold,Furniture,3176,Debit Card,2020-03-05,2023-10-04,58
CUST1439,Female,61,Pune,Maharashtra,259323,95,Platinum,Groceries,26993,Net Banking,2022-01-16,2026-01-06,36
CUST1440,Female,63,Delhi,Delhi,588890,57,Gold,Beauty,8487,Net Banking,2020-08-08,2023-01-20,53
CUST1441,Male,51,Delhi,Delhi,676813,39,Bronze,Furniture,2707,UPI,2023-03-17,2024-03-10,21
CUST1442,Female,61,Chennai,Tamil Nadu,593461,46,Bronze,Furniture,2399,Net Banking,2019-03-08,2021-04-10,70
CUST1443,Female,24,Surat,Gujarat,200000,68,Gold,Beauty,4011,Debit Card,2021-11-12,2025-11-06,38
CUST1444,Female,62,Lucknow,Uttar Pradesh,582175,22,Bronze,Books,2421,Net Banking,2019-04-21,2019-06-16,69
CUST1445,Female,30,Surat,Gujarat,339106,76,Gold,Furniture,7504,UPI,2023-03-27,2026-08-13,21
CUST1446,Male,67,Kanpur,Uttar Pradesh,733934,83,Platinum,Clothing,23606,Debit Card,2019-12-22,2022-12-08,61
CUST1447,Male,42,Mumbai,Maharashtra,673319,45,Silver,Sports,4724,Credit Card,2020-11-07,2023-07-20,50
CUST1448,Male,20,Bangalore,Karnataka,412024,70,Platinum,Sports,14085,Cash,2023-06-06,2026-09-20,19
CUST1449,Female,22,Nagpur,Maharashtra,497226,45,Gold,Clothing,8804,Net Banking,2019-11-23,2022-04-22,62
CUST1450,Female,23,Pune,Maharashtra,388157,32,Bronze,Books,2524,UPI,2020-03-23,2023-10-10,58
CUST1451,Female,53,Visakhapatnam,Andhra Pradesh,587464,67,Gold,Books,8805,Cash,2020-05-07,2024-01-12,56
CUST1452,Male,20,Lucknow,Uttar Pradesh,791028,56,Gold,Clothing,13629,Cash,2020-06-09,2023-07-20,55
CUST1453,Female,19,Bhopal,Madhya Pradesh,402854,51,Silver,Toys,3212,Cash,2019-03-31,2020-12-27,70
CUST1454,Male,38,Jaipur,Rajasthan,700809,51,Bronze,Electronics,2908,Credit Card,2020-03-07,2024-01-08,58
CUST1455,Male,61,Kolkata,West Bengal,493948,75,Gold,Beauty,15417,Credit Card,2023-03-10,2027-02-12,22
CUST1456,Male,19,Ahmedabad,Gujarat,441425,73,Gold,Groceries,10275,UPI,2022-02-16,2022-08-09,34
CUST1457,Male,34,Kolkata,West Bengal,578593,22,Bronze,Electronics,1533,Cash,2022-10-10,2023-07-09,27
CUST1458,Male,59,Kanpur,Uttar Pradesh,392951,50,Silver,Clothing,3010,UPI,2021-10-26,2022-06-30,38
CUST1459,Female,68,Lucknow,Uttar Pradesh,489270,44,Bronze,Toys,2528,Cash,2021-03-20,2025-01-01,46
CUST1460,Male,48,Bangalore,Karnataka,360424,56,Silver,Sports,6129,Debit Card,2020-09-02,2024-07-20,52
CUST1461,Female,18,Jaipur,Rajasthan,992945,71,Gold,Beauty,10680,Net Banking,2022-01-26,2022-08-18,35
CUST1462,Female,31,Kanpur,Uttar Pradesh,607052,68,Gold,Groceries,7954,Debit Card,2020-01-12,2021-05-08,60
CUST1463,Female,30,Delhi,Delhi,460054,36,Bronze,Toys,883,Net Banking,2019-05-30,2021-02-13,68
CUST1464,Male,34,Delhi,Delhi,642795,8,Bronze,Books,1283,Debit Card,2022-10-06,2026-07-09,27
CUST1465,Male,24,Chennai,Tamil Nadu,577534,57,Silver,Toys,4229,UPI,2022-06-16,2026-03-27,30
CUST1466,Female,62,Surat,Gujarat,555806,13,Bronze,Beauty,1555,Debit Card,2019-01-10,2020-11-11,72
CUST1467,Male,68,Hyderabad,Telangana,722833,64,Gold,Books,8131,Debit Card,2022-10-23,2024-10-01,26
CUST1468,Female,47,Ahmedabad,Gujarat,751501,25,Bronze,Groceries,2714,Net Banking,2019-06-17,2021-02-10,67
CUST1469,Male,52,Hyderabad,Telangana,493899,33,Bronze,Clothing,1843,Credit Card,2023-10-06,2026-09-08,15
CUST1470,Male,70,Surat,Gujarat,484836,50,Silver,Electronics,3969,Net Banking,2020-06-17,2023-08-04,55
CUST1471,Female,59,Nagpur,Maharashtra,544989,13,Bronze,Sports,2790,Debit Card,2021-08-09,2024-06-30,41
CUST1472,Male,43,Pune,Maharashtra,200000,39,Silver,Groceries,2515,Net Banking,2019-10-15,2022-05-15,63
CUST1473,Male,29,Surat,Gujarat,296961,70,Platinum,Toys,6755,UPI,2019-03-24,2020-07-14,70
CUST1474,Female,32,Delhi,Delhi,873374,31,Bronze,Books,2887,Cash,2021-08-19,2024-04-06,41
CUST1475,Male,20,Lucknow,Uttar Pradesh,928993,26,Bronze,Sports,1302,UPI,2022-03-31,2025-05-18,33
CUST1476,Male,42,Lucknow,Uttar Pradesh,550192,11,Bronze,Clothing,1328,Net Banking,2020-05-30,2022-08-08,55
CUST1477,Male,51,Kolkata,West Bengal,715311,37,Bronze,Toys,1488,Net Banking,2019-01-14,2021-12-06,72
CUST1478,Male,46,Bangalore,Karnataka,662250,21,Bronze,Groceries,1955,Debit Card,2019-11-19,2021-12-29,62
CUST1479,Male,60,Hyderabad,Telangana,1215776,47,Silver,Toys,5644,Cash,2020-03-07,2023-07-29,58
CUST1480,Male,59,Visakhapatnam,Andhra Pradesh,823914,50,Silver,Groceries,5784,Debit Card,2022-07-13,2025-06-26,30
CUST1481,Male,54,Bangalore,Karnataka,574416,29,Bronze,Beauty,2377,Net Banking,2022-02-28,2025-10-25,34
CUST1482,Male,64,Kanpur,Uttar Pradesh,408891,49,Silver,Toys,5621,Net Banking,2021-08-23,2024-06-04,40
CUST1483,Male,32,Visakhapatnam,Andhra Pradesh,278710,58,Silver,Groceries,6549,Net Banking,2022-09-12,2025-08-23,28
CUST1484,Female,28,Kanpur,Uttar Pradesh,640692,61,Silver,Clothing,4052,Debit Card,2021-02-13,2023-05-13,47
CUST1485,Male,24,Mumbai,Maharashtra,448729,37,Bronze,Beauty,1451,Debit Card,2022-05-25,2023-01-07,31
CUST1486,Male,48,Bhopal,Madhya Pradesh,315549,66,Silver,Clothing,5637,Credit Card,2021-09-14,2025-06-25,40
CUST1487,Male,56,Jaipur,Rajasthan,470685,83,Gold,Beauty,6875,Net Banking,2021-05-11,2023-07-08,44
CUST1488,Male,62,Jaipur,Rajasthan,383690,60,Silver,Beauty,4350,UPI,2022-04-21,2026-04-16,32
CUST1489,Male,45,Bangalore,Karnataka,937428,32,Bronze,Clothing,689,UPI,2022-05-10,2025-06-26,32
CUST1490,Female,34,Hyderabad,Telangana,776327,29,Bronze,Clothing,1928,Net Banking,2019-01-15,2021-03-23,72
CUST1491,Male,62,Nagpur,Maharashtra,598405,26,Bronze,Sports,2264,UPI,2023-10-17,2026-11-17,14
CUST1492,Female,54,Pune,Maharashtra,895988,60,Silver,Furniture,4922,Cash,2022-02-04,2025-04-20,35
CUST1493,Female,29,Pune,Maharashtra,615473,20,Silver,Books,5456,Cash,2023-02-15,2023-12-24,22
CUST1494,Male,65,Hyderabad,Telangana,427743,48,Silver,Furniture,4153,Net Banking,2021-03-31,2023-03-24,45
CUST1495,Male,28,Kolkata,West Bengal,904624,89,Platinum,Groceries,20087,Cash,2022-05-14,2024-11-20,32
CUST1496,Male,22,Chennai,Tamil Nadu,707782,32,Bronze,Beauty,2080,Cash,2022-06-11,2026-03-15,31
CUST1497,Female,63,Surat,Gujarat,392550,30,Bronze,Toys,1631,Cash,2019-01-22,2020-04-09,72
CUST1498,Female,30,Mumbai,Maharashtra,561932,54,Gold,Groceries,9692,Credit Card,2021-01-06,2022-06-09,48
CUST1499,Male,28,Delhi,Delhi,424876,86,Platinum,Beauty,14496,Cash,2022-04-15,2023-06-29,33
CUST1500,Male,65,Kanpur,Uttar Pradesh,323440,36,Bronze,Books,2263,UPI,2023-07-29,2025-03-16,17
